Workbook

Sheet Read me
A1: Assessment workbook
A2: Companion to the open-source MEMS finite-element laboratory sequence.
A4: Sheets you read:
A5: Competency framework the six competencies C1-C6, their Bloom level and the lab that develops each
A6: Test blueprint the seven pre/post items, each mapped to a competency and a Bloom level
A7: Rubric four ordered performance-level descriptors for every competency
A8: Self-efficacy survey one 'I can ...' statement per competency, five-point Likert
A10: Sheets you fill in:
A11: Scores one row per student per phase. Yellow cells are yours to edit.
A12: phase must be exactly 'pre' or 'post'. Scores are percentages, 0-100.
A13: Rows 2-7 hold example values showing the expected format; delete them.
A15: Gain analysis computes itself from the Scores sheet. Do not edit.
... A18: and runs the paired t-test and effect size. Export Scores as CSV and pass it to the script.

Sheet Competency framework
A1: id | B1: competency | C1: bloom_level | D1: descriptor | E1: lab
A2: C1 | B2: Explain MEMS transduction and thin-plate mechanics of the diaphragm | C2: Understand | D2: Domain knowledge | E2: 1
A3: C2 | B3: Construct parametric geometry and generate a quality mesh (GMSH) | C3: Apply | D3: Model preparation | E3: 1
A4: C3 | B4: Configure and execute an FEM simulation with correct BCs and loads | C4: Apply | D4: Simulation execution | E4: 2
A5: C4 | B5: Verify and validate: convergence, comparison to theory, error quantification | C5: Analyse | D5: Verification & validation | E5: 3
A6: C5 | B6: Interpret fields to extract figures of merit and critique them | C6: Evaluate | D6: Result interpretation | E6: 4
A7: C6 | B7: Design and optimise a diaphragm to meet a specification | C7: Create | D7: Design synthesis | E7: 4

Sheet Test blueprint
A1: item | B1: competency | C1: bloom_level | D1: format | E1: max_points
A2: Q1 | B2: C1 | C2: Understand | D2: Short answer: describe the transduction chain | E2: 10
A3: Q2 | B3: C1 | C3: Understand | D3: Multiple choice: where does peak stress occur | E3: 5
A4: Q3 | B4: C2 | C4: Apply | D4: Task: parameters that define the mesh and groups | E4: 15
A5: Q4 | B5: C3 | C5: Apply | D5: Task: state correct BCs and load for the diaphragm | E5: 15
A6: Q5 | B6: C4 | C6: Analyse | D6: Problem: given data, quantify convergence error | E6: 20
A7: Q6 | B7: C5 | C7: Evaluate | D7: Problem: derive sensitivity from an edge stress | E7: 20
A8: Q7 | B8: C6 | C8: Create | D8: Open: propose a design meeting a target sensitivity | E8: 15

Sheet Rubric
A1: competency | B1: level | C1: label | D1: descriptor
A2: C1 | B2: 1 | C2: Novice | D2: States that pressure produces a voltage without naming the intermediate steps.
A3: C1 | B3: 2 | C3: Developing | D3: Names deflection and stress but cannot connect stress to resistance change.
A4: C1 | B4: 3 | C4: Proficient | D4: Traces the full chain from pressure to bridge output with correct signs.
A5: C1 | B5: 4 | C5: Advanced | D5: Traces the chain and explains why the two bridge arms respond with opposite sign.
A6: C2 | B6: 1 | C6: Novice | D6: Produces a mesh with no control over element size.
A7: C2 | B7: 2 | C7: Developing | D7: Sets a characteristic length but does not check element quality.
A8: C2 | B8: 3 | C8: Proficient | D8: Builds parametric geometry with named physical groups and a controlled mesh.
A9: C2 | B9: 4 | C9: Advanced | D9: Justifies the mesh size against the quantity of interest and the cost budget.
A10: C3 | B10: 1 | C10: Novice | D10: Runs a solver with default settings and unclear boundary conditions.
A11: C3 | B11: 2 | C11: Developing | D11: Applies a load but the clamped condition is incomplete.
A12: C3 | B12: 3 | C12: Proficient | D12: Imposes both clamped conditions and the uniform load correctly and extracts the field.
A13: C3 | B13: 4 | C13: Advanced | D13: Explains the effect of each boundary condition on the solution and checks it.
... A25: C6 | B25: 4 | C25: Advanced | D25: Meets the specification and identifies which constraint binds and why.

Sheet Self-efficacy survey
A1: item | B1: competency | C1: statement | D1: scale
A2: S1 | B2: C1 | C2: I can explain how applied pressure becomes a sensor output voltage. | D2: 1-5 Likert
A3: S2 | B3: C2 | C3: I can build a parametric diaphragm geometry and generate a controlled mesh. | D3: 1-5 Likert
A4: S3 | B4: C3 | C4: I can set up and run a finite-element simulation with the correct boundary conditions. | D4: 1-5 Likert
A5: S4 | B5: C4 | C5: I can verify a simulation by mesh convergence and validate it against theory. | D5: 1-5 Likert
A6: S5 | B6: C5 | C6: I can interpret a computed stress field to obtain a device figure of merit. | D6: 1-5 Likert
A7: S6 | B7: C6 | C7: I can design a diaphragm that meets a given performance specification. | D7: 1-5 Likert

Sheet Scores
A1: student_id | B1: phase | C1: C1 | D1: C2 | E1: C3 | F1: C4 | G1: C5 | H1: C6 | J1: Yellow cells are inputs. Delete the example rows before use.
A2: S001 | B2: pre | C2: 65 | D2: 50 | E2: 41 | F2: 36 | G2: 43 | H2: 31
A3: S001 | B3: post | C3: 89 | D3: 80 | E3: 79 | F3: 78 | G3: 81 | H3: 72
A4: S002 | B4: pre | C4: 58 | D4: 44 | E4: 38 | F4: 30 | G4: 39 | H4: 26
A5: S002 | B5: post | C5: 86 | D5: 76 | E5: 75 | F5: 73 | G5: 78 | H5: 68
A6: S003 | B6: pre | C6: 71 | D6: 57 | E6: 47 | F6: 42 | G6: 49 | H6: 37
A7: S003 | B7: post | C7: 92 | D7: 84 | E7: 83 | F7: 82 | G7: 85 | H7: 77

Sheet Gain analysis
A1: Competency | B1: Pre mean [%] | C1: Post mean [%] | D1: Normalised gain <g> | E1: Band
A2: C1 | B2: =IFERROR(AVERAGEIFS(Scores!$C$2:$C$128,Scores!$B$2:$B$128,"pre"),"") -> 64.666667 | C2: =IFERROR(AVERAGEIFS(Scores!$C$2:$C$128,Scores!$B$2:$B$128,"post"),"") -> 89 | D2: =IFERROR((C2-B2)/(100-B2),"") -> 0.68867925 | E2: =IFERROR(IF(D2>=0.7,"high",IF(D2>=0.3,"medium","low")),"") -> medium
A3: C2 | B3: =IFERROR(AVERAGEIFS(Scores!$D$2:$D$128,Scores!$B$2:$B$128,"pre"),"") -> 50.333333 | C3: =IFERROR(AVERAGEIFS(Scores!$D$2:$D$128,Scores!$B$2:$B$128,"post"),"") -> 80 | D3: =IFERROR((C3-B3)/(100-B3),"") -> 0.59731544 | E3: =IFERROR(IF(D3>=0.7,"high",IF(D3>=0.3,"medium","low")),"") -> medium
A4: C3 | B4: =IFERROR(AVERAGEIFS(Scores!$E$2:$E$128,Scores!$B$2:$B$128,"pre"),"") -> 42 | C4: =IFERROR(AVERAGEIFS(Scores!$E$2:$E$128,Scores!$B$2:$B$128,"post"),"") -> 79 | D4: =IFERROR((C4-B4)/(100-B4),"") -> 0.63793103 | E4: =IFERROR(IF(D4>=0.7,"high",IF(D4>=0.3,"medium","low")),"") -> medium
A5: C4 | B5: =IFERROR(AVERAGEIFS(Scores!$F$2:$F$128,Scores!$B$2:$B$128,"pre"),"") -> 36 | C5: =IFERROR(AVERAGEIFS(Scores!$F$2:$F$128,Scores!$B$2:$B$128,"post"),"") -> 77.666667 | D5: =IFERROR((C5-B5)/(100-B5),"") -> 0.65104167 | E5: =IFERROR(IF(D5>=0.7,"high",IF(D5>=0.3,"medium","low")),"") -> medium
A6: C5 | B6: =IFERROR(AVERAGEIFS(Scores!$G$2:$G$128,Scores!$B$2:$B$128,"pre"),"") -> 43.666667 | C6: =IFERROR(AVERAGEIFS(Scores!$G$2:$G$128,Scores!$B$2:$B$128,"post"),"") -> 81.333333 | D6: =IFERROR((C6-B6)/(100-B6),"") -> 0.66863905 | E6: =IFERROR(IF(D6>=0.7,"high",IF(D6>=0.3,"medium","low")),"") -> medium
A7: C6 | B7: =IFERROR(AVERAGEIFS(Scores!$H$2:$H$128,Scores!$B$2:$B$128,"pre"),"") -> 31.333333 | C7: =IFERROR(AVERAGEIFS(Scores!$H$2:$H$128,Scores!$B$2:$B$128,"post"),"") -> 72.333333 | D7: =IFERROR((C7-B7)/(100-B7),"") -> 0.59708738 | E7: =IFERROR(IF(D7>=0.7,"high",IF(D7>=0.3,"medium","low")),"") -> medium
A8: Overall | B8: =IFERROR(AVERAGE(B2:B7),"") -> 44.666667 | C8: =IFERROR(AVERAGE(C2:C7),"") -> 79.888889 | D8: =IFERROR((C8-B8)/(100-B8),"") -> 0.63654618 | E8: =IFERROR(IF(D8>=0.7,"high",IF(D8>=0.3,"medium","low")),"") -> medium
A10: Hake normalised gain <g> = (post - pre) / (100 - pre). Hake, R. R. (1998), American Journal of Physics, 66(1), 64-74.
A11: Bands are Hake's convention: low < 0.3, medium 0.3-0.7, high >= 0.7.
A12: The paired t-test and Cohen's d_z are in scripts/analyse_scores.py; this sheet computes the gains only.
